product_id,product_name,category,price,units_sold,rating,in_stock
1,Camera,Electronics,391.46,8,4.5,TRUE
2,Shoes,Fashion,1091.88,333,3.0,TRUE
3,Backpack,Fashion,893.51,200,3.8,TRUE
4,Watch,Fashion,162.3,87,5.0,TRUE
5,Camera,Electronics,1378.94,43,1.5,TRUE
6,Mouse,Electronics,1187.23,385,2.1,TRUE
7,Smartphone,Electronics,44.3,109,2.6,TRUE
8,Camera,Electronics,980.54,435,2.7,FALSE
9,Backpack,Fashion,1159.16,408,2.6,TRUE
10,Watch,Fashion,567.91,483,4.6,TRUE
11,Shoes,Fashion,112.69,152,3.9,TRUE
12,Backpack,Fashion,125.21,17,3.4,TRUE
13,Backpack,Fashion,165.33,133,2.2,TRUE
14,Smartphone,Electronics,1262.26,148,4.3,TRUE
15,T-shirt,Fashion,1366.92,277,4.8,TRUE
16,Watch,Fashion,192.99,232,4.3,FALSE
17,Headphones,Electronics,361.5,314,1.0,TRUE
18,Backpack,Fashion,256.63,415,3.5,TRUE
19,T-shirt,Fashion,287.62,366,1.2,TRUE
20,Headphones,Electronics,1257.86,228,2.0,TRUE
21,Watch,Fashion,504.9,139,1.2,TRUE
22,Laptop,Electronics,474.05,436,3.4,TRUE
23,Mouse,Electronics,348.82,399,3.7,TRUE
24,T-shirt,Fashion,915.76,211,1.5,FALSE
25,Keyboard,Electronics,575.17,391,2.5,TRUE
26,Laptop,Electronics,1118.93,499,2.8,FALSE
27,Mouse,Electronics,316.31,28,2.5,TRUE
28,Smartphone,Electronics,1183.81,51,1.5,TRUE
29,Camera,Electronics,909.55,491,2.7,TRUE
30,Shoes,Fashion,180.26,442,4.0,FALSE
31,Keyboard,Electronics,627.61,261,1.3,TRUE
32,Smartphone,Electronics,1296.64,261,1.3,TRUE
33,Watch,Fashion,1385.21,350,2.4,TRUE
34,Smartphone,Electronics,703.89,352,4.8,TRUE
35,Camera,Electronics,726.45,8,3.7,TRUE
36,Watch,Fashion,1378.5,320,3.7,TRUE
37,Keyboard,Electronics,884.73,138,2.4,TRUE
38,Camera,Electronics,58.94,38,3.4,TRUE
39,Headphones,Electronics,1370.0,111,1.0,TRUE
40,Shoes,Fashion,379.86,480,3.5,TRUE
41,Keyboard,Electronics,870.67,368,4.7,TRUE
42,Headphones,Electronics,256.61,220,3.5,FALSE
43,Mouse,Electronics,60.48,337,4.5,TRUE
44,Keyboard,Electronics,474.1,223,3.9,TRUE
45,Mouse,Electronics,1172.94,136,1.5,TRUE
46,Watch,Fashion,423.6,256,4.6,TRUE
47,Headphones,Electronics,337.94,360,1.3,TRUE
48,Shoes,Fashion,326.89,409,3.1,FALSE
49,Camera,Electronics,777.61,329,1.6,TRUE
50,Backpack,Fashion,1463.56,450,1.0,TRUE
51,Smartphone,Electronics,693.89,463,2.7,TRUE
52,Laptop,Electronics,840.38,434,2.2,TRUE
53,Shoes,Fashion,1292.34,451,2.9,TRUE
54,Headphones,Electronics,807.25,49,3.3,FALSE
55,Backpack,Fashion,284.85,292,1.2,TRUE
56,Shoes,Fashion,456.4,382,1.5,TRUE
57,Headphones,Electronics,471.81,324,3.2,TRUE
58,T-shirt,Fashion,602.0,78,2.4,TRUE
59,T-shirt,Fashion,645.92,105,3.9,TRUE
60,Mouse,Electronics,1201.68,169,3.6,TRUE
61,Shoes,Fashion,530.59,217,4.4,TRUE
62,T-shirt,Fashion,707.67,378,3.8,TRUE
63,Headphones,Electronics,941.21,119,2.7,TRUE
64,Mouse,Electronics,572.81,190,3.7,FALSE
65,Headphones,Electronics,1256.48,255,2.1,TRUE
66,Mouse,Electronics,885.31,370,2.2,TRUE
67,Shoes,Fashion,448.13,266,4.2,TRUE
68,Backpack,Fashion,1073.95,149,2.8,TRUE
69,Camera,Electronics,796.2,164,4.2,TRUE
70,Keyboard,Electronics,806.34,140,4.3,TRUE
71,Backpack,Fashion,726.82,347,4.4,TRUE
72,Watch,Fashion,750.55,488,4.7,TRUE
73,Headphones,Electronics,1150.38,258,2.7,TRUE
74,Watch,Fashion,163.44,374,2.3,TRUE
75,Backpack,Fashion,508.2,269,3.3,FALSE
76,Mouse,Electronics,122.5,181,2.5,TRUE
77,Keyboard,Electronics,1132.34,160,3.4,TRUE
78,Keyboard,Electronics,415.73,351,3.8,TRUE
79,Laptop,Electronics,1347.17,400,3.8,TRUE
80,Keyboard,Electronics,794.6,288,2.5,TRUE
81,Camera,Electronics,1203.12,288,1.7,FALSE
82,Keyboard,Electronics,1468.61,380,2.7,FALSE
83,Backpack,Fashion,1261.29,226,1.6,TRUE
84,Laptop,Electronics,1301.82,11,4.6,FALSE
85,Backpack,Fashion,617.9,10,2.4,FALSE
86,Backpack,Fashion,832.07,271,1.6,FALSE
87,Smartphone,Electronics,388.29,273,1.1,FALSE
88,Laptop,Electronics,302.21,424,3.6,TRUE
89,Backpack,Fashion,763.21,402,3.5,TRUE
90,Smartphone,Electronics,896.62,183,2.4,TRUE
91,Smartphone,Electronics,515.51,457,1.3,TRUE
92,Laptop,Electronics,858.47,153,2.6,FALSE
93,Watch,Fashion,1332.32,488,2.2,TRUE
94,Mouse,Electronics,839.52,315,3.7,TRUE
95,Camera,Electronics,1084.01,334,3.4,FALSE
96,Mouse,Electronics,1209.92,124,2.5,FALSE
97,Keyboard,Electronics,1483.21,473,1.9,FALSE
98,Camera,Electronics,908.76,114,5.0,TRUE
99,Keyboard,Electronics,1212.21,278,2.8,TRUE
100,Backpack,Fashion,1444.35,414,3.8,TRUE
101,Headphones,Electronics,1417.17,468,1.6,TRUE
102,Laptop,Electronics,220.21,213,2.9,TRUE
103,Camera,,615.52,172,1.1,TRUE
104,Camera,Electronics,492.75,288,3.0,TRUE
105,Backpack,Fashion,139.52,435,4.9,TRUE
106,Watch,Fashion,953.53,174,2.5,TRUE
107,Smartphone,Electronics,1106.5,113,1.2,TRUE
108,Backpack,Fashion,1273.71,376,1.1,TRUE
109,T-shirt,Fashion,192.94,405,2.6,TRUE
110,Smartphone,Electronics,1315.9,483,1.6,TRUE
111,Laptop,Electronics,967.96,122,1.1,TRUE
112,Smartphone,Electronics,1058.88,32,4.0,TRUE
113,Watch,Fashion,1366.83,222,2.8,TRUE
114,Smartphone,Electronics,940.89,119,2.2,FALSE
115,Laptop,Electronics,510.44,39,4.6,TRUE
116,Watch,Fashion,1239.41,497,1.5,TRUE
117,Mouse,Electronics,550.96,268,4.8,TRUE
118,Camera,Electronics,61.0,233,2.3,FALSE
119,Camera,Electronics,1247.68,431,4.6,TRUE
120,Keyboard,Electronics,524.34,18,3.4,TRUE
121,Mouse,Electronics,1163.01,149,4.3,FALSE
122,Mouse,Electronics,550.51,397,4.9,TRUE
123,Smartphone,Electronics,1292.99,149,2.2,TRUE
124,Camera,Electronics,337.07,126,4.8,TRUE
125,Laptop,Electronics,1462.08,392,2.6,TRUE
126,Shoes,Fashion,1171.84,302,2.5,TRUE
127,Shoes,Fashion,180.21,360,2.4,TRUE
128,Watch,Fashion,853.01,238,3.2,FALSE
129,Camera,Electronics,1478.2,135,1.6,FALSE
130,Camera,Electronics,711.89,151,3.2,TRUE
131,Shoes,Fashion,281.34,236,3.2,TRUE
132,Camera,Electronics,732.32,224,4.0,TRUE
133,Smartphone,Electronics,773.56,203,4.3,FALSE
134,T-shirt,Fashion,1115.11,256,2.8,FALSE
135,Headphones,Electronics,1051.28,86,2.2,TRUE
136,Mouse,Electronics,609.8,150,2.0,FALSE
137,Keyboard,Electronics,334.85,235,1.8,TRUE
138,Watch,Fashion,971.13,345,1.2,TRUE
139,T-shirt,Fashion,638.34,22,2.4,TRUE
140,Shoes,Fashion,207.09,348,2.1,TRUE
141,Mouse,Electronics,1351.85,285,4.9,TRUE
142,Camera,Electronics,1039.92,269,3.2,TRUE
143,Keyboard,Electronics,1027.94,466,2.4,TRUE
144,Camera,Electronics,1235.65,258,3.3,FALSE
145,Laptop,Electronics,799.2,29,1.6,TRUE
146,Laptop,Electronics,1224.43,213,2.8,TRUE
147,Keyboard,Electronics,752.16,463,3.5,TRUE
148,Keyboard,Electronics,110.09,436,3.0,TRUE
149,Shoes,Fashion,613.82,283,2.6,TRUE
150,Keyboard,Electronics,751.22,50,5.0,TRUE
151,Smartphone,Electronics,1083.1,95,4.5,TRUE
152,Camera,Electronics,168.8,463,3.5,TRUE
153,T-shirt,Fashion,218.63,499,3.3,TRUE
154,Backpack,Fashion,402.89,407,3.5,TRUE
155,Keyboard,Electronics,407.08,88,1.8,TRUE
156,Watch,Fashion,1100.96,44,2.6,TRUE
157,Laptop,Electronics,383.59,461,1.2,TRUE
158,Smartphone,Electronics,953.32,278,2.9,FALSE
159,Mouse,Electronics,746.47,171,3.2,TRUE
160,Backpack,Fashion,864.21,421,1.9,TRUE
161,T-shirt,Fashion,1258.78,189,4.9,TRUE
162,Backpack,Fashion,612.53,353,4.6,TRUE
163,Keyboard,Electronics,1158.66,184,3.9,TRUE
164,Shoes,Fashion,638.83,3,3.1,FALSE
165,Laptop,Electronics,537.27,191,4.5,FALSE
166,Laptop,Electronics,1438.35,118,1.5,FALSE
167,Mouse,Electronics,284.71,19,4.2,TRUE
168,Shoes,Fashion,144.6,23,1.5,TRUE
169,Camera,Electronics,1158.77,413,4.2,TRUE
170,Headphones,Electronics,111.69,30,2.1,TRUE
171,Smartphone,Electronics,1257.25,295,4.5,TRUE
172,Laptop,Electronics,661.42,108,4.8,TRUE
173,Watch,Fashion,1374.12,367,1.6,FALSE
174,Laptop,Electronics,1085.08,281,2.9,TRUE
175,Backpack,Fashion,919.5,128,4.9,TRUE
176,Laptop,Electronics,1424.47,229,2.9,TRUE
177,Laptop,Electronics,601.01,111,4.5,TRUE
178,Headphones,Electronics,1431.59,136,3.4,TRUE
179,Headphones,Electronics,211.15,362,2.5,TRUE
180,T-shirt,Fashion,730.79,186,2.1,TRUE
181,Camera,Electronics,412.17,144,1.8,TRUE
182,Watch,Fashion,814.37,72,4.0,FALSE
183,Laptop,Electronics,251.4,129,2.5,FALSE
184,Laptop,Electronics,1263.88,364,3.0,TRUE
185,Smartphone,Electronics,1271.15,261,3.0,TRUE
186,Headphones,Electronics,1433.3,3,3.3,FALSE
187,Watch,Fashion,240.46,449,4.5,FALSE
188,Mouse,Electronics,938.77,388,4.9,TRUE
189,T-shirt,Fashion,716.61,104,2.6,TRUE
190,Camera,Electronics,523.13,483,4.3,TRUE
191,Shoes,Fashion,533.79,224,4.1,FALSE
192,Camera,Electronics,625.06,320,3.3,FALSE
193,Backpack,Fashion,1060.34,362,4.8,TRUE
194,Laptop,Electronics,901.45,354,1.8,FALSE
195,T-shirt,Fashion,694.93,491,1.4,TRUE
196,Backpack,Fashion,123.14,473,4.4,FALSE
197,Watch,Fashion,125.87,10,2.8,TRUE
198,Shoes,Fashion,13.49,405,4.4,FALSE
199,Headphones,Electronics,1451.87,384,4.6,TRUE
200,T-shirt,Fashion,17.83,302,1.2,TRUE
201,T-shirt,Fashion,163.61,231,4.5,TRUE
202,Laptop,Electronics,478.75,219,2.8,FALSE
203,Keyboard,Electronics,1213.07,411,3.0,FALSE
204,T-shirt,Fashion,1443.53,66,3.5,FALSE
205,Smartphone,Electronics,1187.12,425,4.7,FALSE
206,Shoes,Fashion,1038.93,112,1.1,TRUE
207,Shoes,Fashion,786.74,13,2.9,TRUE
208,Smartphone,Electronics,139.19,393,3.8,TRUE
209,Mouse,Electronics,1437.67,420,3.9,TRUE
210,Smartphone,Electronics,1140.0,86,3.8,TRUE
211,Smartphone,Electronics,962.03,234,1.5,TRUE
212,Shoes,Fashion,1140.96,90,2.2,TRUE
213,Camera,Electronics,1088.91,314,2.4,TRUE
214,Shoes,Fashion,959.48,54,4.2,TRUE
215,Keyboard,Electronics,1471.06,12,2.1,TRUE
216,Laptop,Electronics,1356.01,209,1.8,FALSE
217,Backpack,Fashion,973.53,462,4.8,TRUE
218,Camera,Electronics,1042.83,14,1.0,FALSE
219,Headphones,Electronics,86.88,121,5.0,TRUE
220,Backpack,Fashion,1008.18,418,3.7,TRUE
221,Laptop,Electronics,75.81,437,4.3,TRUE
222,Keyboard,Electronics,886.51,377,2.2,TRUE
223,Keyboard,Electronics,1499.04,20,1.1,TRUE
224,Headphones,Electronics,838.15,75,4.0,TRUE
225,Camera,Electronics,715.08,400,4.3,TRUE
226,Mouse,Electronics,476.15,243,4.0,TRUE
227,Smartphone,Electronics,189.58,223,1.6,TRUE
228,Camera,Electronics,1099.23,70,4.0,TRUE
229,Mouse,Electronics,296.97,312,4.1,TRUE
230,Keyboard,Electronics,181.77,211,3.6,TRUE
231,Shoes,Fashion,638.43,101,4.1,FALSE
232,Laptop,Electronics,1195.06,186,4.4,TRUE
233,Headphones,Electronics,1120.15,132,3.5,TRUE
234,Laptop,Electronics,91.78,111,1.4,FALSE
235,Watch,Fashion,688.16,381,3.0,TRUE
236,Watch,Fashion,788.43,132,1.3,TRUE
237,Camera,Electronics,970.37,20,2.6,TRUE
238,Keyboard,Electronics,978.75,394,2.6,TRUE
239,Keyboard,Electronics,553.4,24,1.3,TRUE
240,Smartphone,Electronics,845.41,227,2.4,FALSE
241,Smartphone,Electronics,726.78,154,1.4,TRUE
242,Smartphone,Electronics,1328.65,293,4.2,TRUE
243,Shoes,Fashion,800.1,230,4.8,TRUE
244,Backpack,Fashion,667.14,469,1.3,TRUE
245,T-shirt,Fashion,612.68,310,4.8,TRUE
246,Backpack,Fashion,862.92,488,3.1,TRUE
247,Laptop,Electronics,1207.93,359,2.2,TRUE
248,Backpack,Fashion,812.22,405,1.3,TRUE
249,Shoes,Fashion,995.87,202,3.0,TRUE
250,Laptop,Electronics,1109.41,38,4.2,TRUE
251,Backpack,Fashion,785.05,430,3.8,FALSE
252,Shoes,Fashion,645.96,260,1.2,TRUE
253,T-shirt,Fashion,1316.23,188,1.3,TRUE
254,Backpack,Fashion,632.08,57,2.6,TRUE
255,Shoes,Fashion,698.29,429,2.2,TRUE
256,Smartphone,Electronics,1485.61,20,1.9,TRUE
257,Keyboard,Electronics,10.35,273,2.1,TRUE
258,Smartphone,Electronics,286.35,119,4.2,TRUE
259,Keyboard,Electronics,582.11,71,4.7,FALSE
260,Headphones,Electronics,1399.56,4,2.6,TRUE
261,Headphones,Electronics,114.34,221,4.6,TRUE
262,Headphones,Electronics,24.13,14,2.3,FALSE
263,T-shirt,Fashion,88.5,3,2.9,FALSE
264,Smartphone,Electronics,141.93,216,1.9,FALSE
265,Keyboard,Electronics,66.02,229,3.6,TRUE
266,Shoes,Fashion,724.87,336,4.9,TRUE
267,Laptop,Electronics,875.33,186,3.4,TRUE
268,Shoes,Fashion,414.81,55,2.4,TRUE
269,Laptop,Electronics,603.45,388,3.6,TRUE
270,Watch,Fashion,146.63,376,1.5,TRUE
271,Shoes,Fashion,511.19,254,4.6,FALSE
272,Backpack,Fashion,788.55,24,3.0,TRUE
273,Backpack,Fashion,1101.08,162,2.8,FALSE
274,Camera,Electronics,14.99,158,3.3,TRUE
275,Smartphone,Electronics,706.29,82,3.5,TRUE
276,Laptop,Electronics,452.53,403,1.3,TRUE
277,Laptop,Electronics,1280.7,159,3.7,TRUE
278,Smartphone,Electronics,1076.17,188,2.0,TRUE
279,T-shirt,Fashion,887.77,60,3.9,TRUE
280,Camera,Electronics,423.13,403,4.3,FALSE
281,T-shirt,Fashion,1366.41,305,4.2,TRUE
282,T-shirt,Fashion,77.2,319,3.2,TRUE
283,T-shirt,Fashion,173.11,366,3.1,TRUE
284,Smartphone,Electronics,593.53,211,1.6,TRUE
285,T-shirt,Fashion,195.41,406,4.1,TRUE
286,Backpack,Fashion,1435.06,152,2.1,TRUE
287,Headphones,Electronics,1199.0,109,3.0,TRUE
288,Watch,Fashion,395.88,76,2.1,TRUE
289,Laptop,Electronics,886.95,30,1.5,TRUE
290,Laptop,Electronics,1473.67,314,3.5,TRUE
291,Watch,Fashion,1327.46,486,1.2,TRUE
292,Smartphone,Electronics,905.19,117,4.0,TRUE
293,Shoes,Fashion,1356.55,415,2.3,TRUE
294,Smartphone,Electronics,1483.89,356,1.0,TRUE
295,Laptop,Electronics,1117.6,192,3.0,TRUE
296,Laptop,Electronics,106.83,19,1.2,FALSE
297,Watch,Fashion,608.35,432,2.1,TRUE
298,T-shirt,Fashion,1258.36,173,3.8,FALSE
299,Smartphone,Electronics,353.55,228,1.3,FALSE
300,Keyboard,Electronics,1247.66,350,4.4,TRUE
301,Watch,Fashion,189.3,183,1.0,TRUE
302,Backpack,Fashion,79.95,113,2.0,TRUE
303,Laptop,Electronics,582.3,183,4.0,TRUE
304,Watch,Fashion,64.73,481,2.3,TRUE
305,Smartphone,Electronics,1436.33,146,1.4,TRUE
306,Laptop,Electronics,1241.05,319,2.4,TRUE
307,Shoes,Fashion,1203.15,116,2.1,FALSE
308,Watch,Fashion,948.37,113,4.4,TRUE
309,Camera,Electronics,332.32,251,2.3,TRUE
310,Laptop,Electronics,782.21,476,4.2,TRUE
311,Smartphone,Electronics,899.94,251,4.6,TRUE
312,Headphones,Electronics,792.3,303,2.7,TRUE
313,Keyboard,Electronics,397.75,459,4.6,FALSE
314,Mouse,Electronics,777.72,313,2.5,TRUE
315,T-shirt,Fashion,741.87,118,4.9,TRUE
316,Mouse,,1494.54,301,1.4,TRUE
317,Smartphone,Electronics,1347.18,161,3.7,FALSE
318,Backpack,Fashion,700.44,401,3.0,TRUE
319,Backpack,Fashion,938.18,198,2.6,TRUE
320,Headphones,Electronics,1124.33,260,3.5,TRUE
321,T-shirt,Fashion,61.95,148,3.8,TRUE
322,Camera,Electronics,1343.43,240,1.0,TRUE
323,Headphones,Electronics,1291.59,47,1.7,TRUE
324,Mouse,Electronics,691.57,475,3.9,TRUE
325,Headphones,Electronics,592.84,399,3.7,TRUE
326,Mouse,Electronics,416.71,198,4.9,FALSE
327,Laptop,Electronics,720.25,47,4.0,TRUE
328,Backpack,Fashion,76.12,78,4.8,TRUE
329,Laptop,Electronics,1279.77,124,3.8,TRUE
330,Keyboard,Electronics,62.78,75,2.2,TRUE
331,T-shirt,Fashion,500.29,359,1.4,FALSE
332,Camera,Electronics,1398.07,137,4.1,TRUE
333,Mouse,Electronics,1105.47,90,3.6,TRUE
334,Camera,Electronics,429.27,400,1.2,TRUE
335,Mouse,Electronics,386.45,325,2.4,TRUE
336,Smartphone,Electronics,17.57,61,4.8,TRUE
337,Headphones,Electronics,1046.61,138,3.0,TRUE
338,Keyboard,Electronics,82.69,50,2.7,TRUE
339,Backpack,Fashion,803.58,259,2.8,FALSE
340,Mouse,Electronics,1443.56,461,1.8,TRUE
341,Camera,Electronics,173.11,107,2.5,TRUE
342,Keyboard,Electronics,1342.78,113,2.5,FALSE
343,Shoes,Fashion,1487.3,350,1.2,TRUE
344,Shoes,Fashion,101.66,254,4.1,TRUE
345,Laptop,Electronics,1325.53,118,2.7,TRUE
346,Backpack,Fashion,778.96,493,4.3,TRUE
347,Smartphone,Electronics,1360.71,198,4.4,TRUE
348,Camera,Electronics,861.27,337,1.8,TRUE
349,Headphones,Electronics,996.55,365,3.6,FALSE
350,Headphones,Electronics,820.23,51,2.9,TRUE
351,Camera,Electronics,1298.09,245,4.5,TRUE
352,T-shirt,Fashion,1103.53,403,1.9,TRUE
353,Smartphone,Electronics,786.68,426,3.7,TRUE
354,Keyboard,Electronics,1303.56,35,3.4,TRUE
355,Mouse,Electronics,375.48,302,2.2,TRUE
356,T-shirt,Fashion,244.44,410,1.5,FALSE
357,Mouse,Electronics,249.0,499,3.6,TRUE
358,Mouse,Electronics,507.67,69,4.0,TRUE
359,T-shirt,Fashion,365.65,349,2.3,TRUE
360,Laptop,Electronics,1395.83,320,3.6,TRUE
361,Shoes,Fashion,167.69,421,2.6,TRUE
362,Mouse,Electronics,1051.5,468,3.9,TRUE
363,T-shirt,Fashion,291.94,49,1.8,TRUE
364,T-shirt,Fashion,1323.64,405,4.6,TRUE
365,Watch,Fashion,1442.36,74,2.1,TRUE
366,Laptop,Electronics,703.55,192,2.5,TRUE
367,Backpack,Fashion,1319.82,261,1.2,TRUE
368,Watch,Fashion,17.67,356,1.4,FALSE
369,Watch,Fashion,1231.72,70,3.1,TRUE
370,Camera,Electronics,350.65,90,2.1,TRUE
371,Shoes,Fashion,1363.96,260,4.3,TRUE
372,T-shirt,Fashion,11.67,126,1.1,TRUE
373,Shoes,Fashion,838.71,231,2.5,TRUE
374,Smartphone,Electronics,1137.39,295,2.3,TRUE
375,Camera,Electronics,395.45,498,1.1,TRUE
376,Backpack,Fashion,297.77,419,1.5,FALSE
377,Shoes,Fashion,135.31,129,2.7,TRUE
378,Headphones,Electronics,496.39,280,3.0,TRUE
379,Mouse,Electronics,844.17,313,2.6,TRUE
380,Smartphone,Electronics,182.61,100,3.1,FALSE
381,Laptop,Electronics,571.28,326,3.4,TRUE
382,Backpack,Fashion,23.52,297,1.0,TRUE
383,Smartphone,Electronics,1229.83,182,2.9,TRUE
384,Mouse,Electronics,201.39,174,4.9,TRUE
385,Camera,Electronics,432.18,316,3.1,TRUE
386,Mouse,Electronics,37.46,364,3.7,FALSE
387,Watch,Fashion,654.04,188,2.2,TRUE
388,Mouse,Electronics,1261.78,57,4.1,FALSE
389,Watch,Fashion,594.31,31,4.1,TRUE
390,Camera,Electronics,277.45,84,3.1,TRUE
391,Keyboard,Electronics,1133.01,152,4.9,TRUE
392,Watch,Fashion,1185.32,473,1.5,TRUE
393,Laptop,Electronics,268.89,36,1.1,FALSE
394,Mouse,Electronics,1158.57,213,4.1,FALSE
395,Mouse,Electronics,1421.47,414,4.2,FALSE
396,Laptop,Electronics,257.9,408,1.5,TRUE
397,Headphones,Electronics,1158.77,364,2.1,TRUE
398,T-shirt,Fashion,1065.77,106,1.1,TRUE
399,Keyboard,Electronics,715.63,414,2.2,FALSE
400,Backpack,Fashion,96.3,342,4.1,TRUE
401,Watch,Fashion,121.29,220,3.1,TRUE
402,Laptop,Electronics,1280.1,391,2.4,TRUE
403,Camera,Electronics,1485.32,163,2.5,TRUE
404,Watch,Fashion,1017.32,439,1.0,FALSE
405,T-shirt,Fashion,674.48,220,2.2,TRUE
406,Camera,Electronics,974.88,270,3.6,TRUE
407,Smartphone,Electronics,895.65,120,4.9,TRUE
408,Mouse,Electronics,581.58,394,4.4,TRUE
409,Smartphone,Electronics,107.78,336,1.1,TRUE
410,Watch,Fashion,1234.05,400,4.6,TRUE
411,T-shirt,Fashion,564.03,182,4.1,FALSE
412,Keyboard,Electronics,1229.99,479,4.1,FALSE
413,Watch,Fashion,386.24,106,2.8,TRUE
414,Laptop,Electronics,11.53,217,2.6,TRUE
415,Shoes,Fashion,246.82,205,2.2,FALSE
416,Watch,Fashion,708.12,70,1.3,TRUE
417,Mouse,Electronics,1417.01,44,1.9,TRUE
418,Mouse,Electronics,162.27,329,2.0,TRUE
419,Watch,Fashion,1282.77,301,2.9,TRUE
420,Camera,Electronics,795.27,228,4.0,TRUE
421,Shoes,Fashion,1240.62,184,2.9,FALSE
422,Laptop,Electronics,454.58,107,1.2,TRUE
423,Watch,Fashion,1261.52,84,4.8,TRUE
424,Camera,Electronics,1161.51,338,4.8,TRUE
425,Mouse,Electronics,352.78,250,4.1,TRUE
426,Mouse,Electronics,205.69,363,5.0,TRUE
427,T-shirt,Fashion,1303.4,441,3.2,TRUE
428,Watch,Fashion,1445.22,21,4.9,TRUE
429,Shoes,Fashion,56.64,196,1.3,TRUE
430,Headphones,Electronics,1099.59,178,2.5,FALSE
431,Shoes,Fashion,1365.19,417,1.9,FALSE
432,Mouse,Electronics,1287.47,475,1.8,TRUE
433,Mouse,Electronics,1447.14,7,1.6,TRUE
434,Smartphone,Electronics,1142.54,70,3.5,TRUE
435,Mouse,Electronics,669.03,127,4.1,TRUE
436,Laptop,Electronics,474.81,399,3.3,TRUE
437,Backpack,Fashion,487.91,466,1.6,TRUE
438,Watch,Fashion,1089.39,160,4.2,TRUE
439,Shoes,Fashion,1121.3,248,3.5,FALSE
440,Backpack,Fashion,308.54,203,2.6,FALSE
441,Camera,Electronics,1303.5,148,3.7,FALSE
442,Headphones,Electronics,1075.24,472,2.0,TRUE
443,Laptop,Electronics,848.5,143,2.4,TRUE
444,Shoes,Fashion,712.58,432,4.7,TRUE
445,Backpack,Fashion,819.42,199,2.2,TRUE
446,Headphones,Electronics,247.28,405,2.9,TRUE
447,Smartphone,Electronics,313.51,426,4.6,TRUE
448,Laptop,Electronics,145.84,154,3.8,TRUE
449,Laptop,Electronics,238.95,492,1.2,FALSE
450,Smartphone,Electronics,686.0,376,1.6,TRUE
451,Watch,Fashion,800.23,384,1.0,TRUE
452,Smartphone,Electronics,36.61,142,3.5,TRUE
453,Laptop,Electronics,1197.23,313,2.8,TRUE
454,Laptop,Electronics,448.31,165,1.5,TRUE
455,Backpack,Fashion,1368.64,314,4.8,TRUE
456,Mouse,Electronics,1451.59,21,3.1,TRUE
457,Headphones,Electronics,286.33,82,2.0,TRUE
458,Smartphone,Electronics,698.52,69,3.0,TRUE
459,Headphones,Electronics,11.84,131,3.7,TRUE
460,Smartphone,Electronics,901.51,87,1.3,TRUE
461,Camera,Electronics,914.89,218,2.1,FALSE
462,Laptop,Electronics,378.83,421,4.2,TRUE
463,Mouse,Electronics,842.03,472,2.8,TRUE
464,Backpack,Fashion,346.05,305,3.2,TRUE
465,Mouse,Electronics,249.63,403,2.7,FALSE
466,Mouse,Electronics,980.76,371,1.2,FALSE
467,Mouse,Electronics,495.63,345,1.7,TRUE
468,Headphones,Electronics,889.49,341,2.8,TRUE
469,Smartphone,Electronics,655.54,384,1.8,FALSE
470,Keyboard,Electronics,1476.68,396,1.2,TRUE
471,Camera,Electronics,232.88,445,4.4,TRUE
472,Shoes,Fashion,702.25,425,4.9,TRUE
473,Mouse,Electronics,1023.88,161,4.2,FALSE
474,Watch,Fashion,599.36,178,4.4,FALSE
475,Headphones,Electronics,1462.3,117,2.0,TRUE
476,Backpack,Fashion,1085.61,196,4.8,TRUE
477,Shoes,Fashion,988.91,383,1.8,TRUE
478,Keyboard,Electronics,1138.02,490,4.8,TRUE
479,Watch,Fashion,1429.45,327,5.0,FALSE
480,Keyboard,,1362.65,86,3.8,TRUE
481,Shoes,Fashion,1089.19,289,4.9,TRUE
482,Mouse,Electronics,1126.25,81,3.3,TRUE
483,Watch,Fashion,227.42,152,2.0,TRUE
484,Keyboard,Electronics,163.16,61,2.7,TRUE
485,Backpack,Fashion,860.65,61,3.4,TRUE
486,Smartphone,Electronics,37.37,354,1.3,TRUE
487,Laptop,Electronics,728.71,28,3.5,TRUE
488,Smartphone,Electronics,323.42,442,4.9,TRUE
489,Shoes,Fashion,525.56,43,1.8,TRUE
490,Headphones,Electronics,1165.95,169,4.2,TRUE
491,Laptop,Electronics,1412.44,423,4.6,FALSE
492,Camera,Electronics,117.9,86,4.8,FALSE
493,Backpack,Fashion,806.02,177,4.8,FALSE
494,Camera,Electronics,1324.97,17,3.1,TRUE
495,Watch,Fashion,132.94,98,4.9,FALSE
496,Laptop,Electronics,1238.53,454,4.0,TRUE
497,Camera,Electronics,543.12,494,1.6,TRUE
498,Camera,Electronics,489.92,198,2.9,TRUE
499,Keyboard,Electronics,1466.42,98,3.9,TRUE
500,Smartphone,Electronics,309.28,65,2.0,TRUE
501,Keyboard,Electronics,1042.86,330,3.6,TRUE
502,Laptop,Electronics,1233.95,341,3.7,TRUE
503,Laptop,Electronics,71.36,5,1.7,TRUE
504,Shoes,Fashion,1008.87,2,3.3,TRUE
505,Keyboard,Electronics,1427.81,22,4.1,TRUE
506,T-shirt,Fashion,195.09,112,3.0,TRUE
507,Smartphone,Electronics,1345.37,57,1.0,FALSE
508,Laptop,Electronics,896.22,66,1.0,FALSE
509,Shoes,Fashion,928.74,330,2.4,TRUE
510,Keyboard,Electronics,923.29,98,4.7,TRUE
511,Smartphone,Electronics,455.27,144,1.9,TRUE
512,Keyboard,Electronics,1403.45,368,3.5,FALSE
513,Camera,Electronics,1421.55,435,1.9,TRUE
514,Shoes,Fashion,941.7,125,2.3,TRUE
515,Smartphone,Electronics,1177.3,167,4.4,TRUE
516,Mouse,Electronics,922.26,86,3.9,TRUE
517,Watch,Fashion,731.75,76,1.4,TRUE
518,Watch,Fashion,994.62,344,2.7,FALSE
519,Smartphone,Electronics,833.97,495,1.1,TRUE
520,Keyboard,Electronics,900.24,424,2.9,TRUE
521,Shoes,Fashion,1177.91,294,3.6,FALSE
522,Watch,Fashion,726.55,444,1.5,FALSE
523,Shoes,Fashion,70.72,59,2.2,TRUE
524,Watch,Fashion,254.36,138,2.6,TRUE
525,Camera,Electronics,663.52,99,4.7,TRUE
526,Keyboard,Electronics,1089.99,192,5.0,FALSE
527,Camera,Electronics,893.99,243,1.2,TRUE
528,Watch,Fashion,978.94,319,4.0,FALSE
529,Mouse,Electronics,724.13,49,2.5,TRUE
530,Mouse,Electronics,927.46,448,2.6,TRUE
531,Camera,Electronics,500.24,32,4.0,TRUE
532,Mouse,Electronics,710.57,391,4.7,TRUE
533,Watch,Fashion,1118.98,277,4.8,TRUE
534,Smartphone,Electronics,1309.03,20,3.3,TRUE
535,Camera,Electronics,656.15,154,2.4,TRUE
536,Headphones,Electronics,75.06,383,4.2,FALSE
537,Keyboard,Electronics,250.89,68,2.0,TRUE
538,Mouse,Electronics,41.08,366,3.3,TRUE
539,Mouse,Electronics,983.36,372,2.4,TRUE
540,Laptop,Electronics,505.15,214,3.6,TRUE
541,T-shirt,Fashion,818.29,143,2.0,TRUE
542,Camera,Electronics,744.98,376,1.8,TRUE
543,Backpack,Fashion,131.47,232,4.7,FALSE
544,Mouse,Electronics,610.86,213,1.4,TRUE
545,Keyboard,Electronics,338.64,79,3.0,TRUE
546,Headphones,Electronics,633.42,214,1.9,TRUE
547,Mouse,Electronics,313.33,116,1.2,TRUE
548,Headphones,Electronics,1262.27,92,1.1,TRUE
549,Watch,Fashion,269.55,270,1.7,FALSE
550,Watch,Fashion,1441.56,411,4.5,FALSE
551,T-shirt,Fashion,629.7,381,2.1,TRUE
552,Smartphone,Electronics,1270.91,489,4.8,TRUE
553,Backpack,Fashion,946.86,168,3.3,TRUE
554,Laptop,Electronics,1105.67,58,2.7,TRUE
555,T-shirt,Fashion,1153.91,284,3.3,TRUE
556,Shoes,Fashion,762.22,26,3.1,TRUE
557,Laptop,Electronics,819.52,369,4.0,TRUE
558,Camera,Electronics,775.85,447,2.1,TRUE
559,Keyboard,Electronics,886.21,66,2.4,TRUE
560,Shoes,Fashion,53.8,409,4.6,TRUE
561,Shoes,Fashion,599.32,248,4.8,TRUE
562,T-shirt,Fashion,913.22,254,4.6,TRUE
563,Smartphone,Electronics,900.61,387,2.7,FALSE
564,T-shirt,Fashion,1191.5,456,4.1,TRUE
565,Camera,Electronics,985.96,44,2.9,TRUE
566,Mouse,Electronics,1488.28,97,3.0,TRUE
567,Mouse,Electronics,432.94,42,1.8,FALSE
568,Smartphone,Electronics,545.14,227,3.4,TRUE
569,Camera,Electronics,581.93,262,1.7,TRUE
570,Smartphone,Electronics,704.06,167,2.3,TRUE
571,Headphones,Electronics,1255.64,436,4.4,TRUE
572,Mouse,Electronics,361.33,279,1.8,FALSE
573,Shoes,Fashion,1166.24,89,1.3,TRUE
574,Backpack,Fashion,613.91,379,1.3,FALSE
575,Keyboard,Electronics,906.76,178,4.8,FALSE
576,Camera,Electronics,952.49,427,3.0,FALSE
577,Laptop,Electronics,565.54,403,2.6,TRUE
578,Smartphone,Electronics,773.8,197,4.2,TRUE
579,Keyboard,Electronics,625.42,307,4.3,TRUE
580,Laptop,Electronics,113.01,267,2.3,TRUE
581,Keyboard,Electronics,661.38,268,3.8,TRUE
582,Backpack,Fashion,155.12,74,4.1,TRUE
583,Laptop,Electronics,613.48,8,3.6,TRUE
584,T-shirt,Fashion,893.45,408,1.6,TRUE
585,Watch,Fashion,873.33,476,4.5,FALSE
586,T-shirt,Fashion,997.31,297,3.2,TRUE
587,Mouse,Electronics,151.94,164,2.1,FALSE
588,Watch,Fashion,981.66,485,2.7,TRUE
589,T-shirt,Fashion,475.1,85,1.2,FALSE
590,Watch,Fashion,604.58,72,1.5,TRUE
591,Watch,Fashion,1288.4,55,4.1,TRUE
592,Shoes,Fashion,23.46,393,1.0,FALSE
593,Smartphone,Electronics,886.73,47,2.7,TRUE
594,Smartphone,Electronics,902.08,399,3.1,FALSE
595,Shoes,Fashion,601.02,432,1.2,TRUE
596,Keyboard,Electronics,363.17,238,4.9,TRUE
597,Headphones,Electronics,359.66,104,1.9,TRUE
598,Keyboard,Electronics,1326.73,210,2.2,TRUE
599,Laptop,Electronics,668.62,42,2.2,TRUE
600,Laptop,Electronics,503.03,316,1.9,TRUE
601,Watch,Fashion,678.68,468,1.0,TRUE
602,T-shirt,Fashion,1007.39,454,3.9,TRUE
603,T-shirt,Fashion,227.18,268,4.9,FALSE
604,Smartphone,Electronics,679.66,386,1.9,FALSE
605,Camera,Electronics,885.95,263,3.7,TRUE
606,Keyboard,Electronics,1423.39,336,4.0,TRUE
607,Mouse,Electronics,386.27,387,4.4,TRUE
608,Backpack,Fashion,545.28,365,2.7,TRUE
609,T-shirt,Fashion,575.24,259,2.2,FALSE
610,Backpack,Fashion,912.25,283,2.3,FALSE
611,Watch,Fashion,541.53,114,3.9,TRUE
612,Backpack,Fashion,804.93,363,4.3,TRUE
613,Mouse,Electronics,1174.87,40,1.7,TRUE
614,Shoes,Fashion,1061.02,486,2.5,FALSE
615,Mouse,Electronics,675.09,417,4.6,TRUE
616,Backpack,Fashion,1297.68,220,4.2,TRUE
617,Mouse,Electronics,841.63,129,4.9,TRUE
618,Headphones,Electronics,814.46,8,4.0,TRUE
619,Watch,Fashion,60.94,101,2.6,TRUE
620,Keyboard,Electronics,1480.17,416,3.4,FALSE
621,Shoes,Fashion,193.23,380,3.6,TRUE
622,T-shirt,Fashion,354.39,176,1.3,TRUE
623,Laptop,Electronics,87.03,107,3.2,TRUE
624,Keyboard,Electronics,963.6,101,3.8,TRUE
625,Laptop,Electronics,344.8,260,1.7,TRUE
626,Watch,Fashion,278.22,478,4.1,TRUE
627,Shoes,Fashion,141.95,454,3.3,TRUE
628,Smartphone,Electronics,163.93,366,4.8,TRUE
629,T-shirt,Fashion,881.16,246,1.2,TRUE
630,Headphones,Electronics,1035.43,275,2.1,TRUE
631,Smartphone,Electronics,602.09,32,3.4,FALSE
632,Watch,Fashion,725.05,137,2.2,TRUE
633,Keyboard,Electronics,1032.09,12,3.9,TRUE
634,Headphones,Electronics,35.9,395,4.0,TRUE
635,Mouse,Electronics,491.46,302,1.4,TRUE
636,Backpack,Fashion,1459.92,375,3.1,TRUE
637,Headphones,Electronics,874.37,16,3.0,TRUE
638,Watch,Fashion,388.79,129,2.5,TRUE
639,Camera,Electronics,787.38,63,4.7,TRUE
640,Backpack,Fashion,520.55,109,4.3,TRUE
641,Laptop,Electronics,803.05,375,3.8,FALSE
642,T-shirt,Fashion,197.35,21,3.9,FALSE
643,Laptop,Electronics,207.74,158,2.8,TRUE
644,Headphones,Electronics,223.88,269,4.7,TRUE
645,Laptop,Electronics,1410.33,162,3.8,FALSE
646,Watch,Fashion,1102.02,260,3.9,FALSE
647,Mouse,Electronics,251.95,412,4.4,TRUE
648,Keyboard,Electronics,290.64,102,2.1,TRUE
649,T-shirt,Fashion,1098.94,223,4.2,TRUE
650,Laptop,Electronics,242.68,59,1.8,TRUE
651,Laptop,Electronics,359.5,247,2.4,TRUE
652,Headphones,Electronics,1445.39,128,2.3,TRUE
653,Keyboard,Electronics,390.41,283,4.9,TRUE
654,Smartphone,Electronics,995.83,325,4.4,TRUE
655,Laptop,Electronics,1468.16,25,3.8,TRUE
656,Watch,Fashion,567.7,131,3.9,TRUE
657,Camera,Electronics,36.1,353,3.2,TRUE
658,T-shirt,Fashion,373.78,196,4.8,TRUE
659,Laptop,Electronics,1248.01,281,3.0,TRUE
660,Watch,Fashion,1298.27,404,2.5,FALSE
661,Watch,Fashion,1155.09,418,1.7,TRUE
662,T-shirt,Fashion,178.53,154,4.1,TRUE
663,Smartphone,Electronics,1195.31,382,3.9,TRUE
664,Watch,Fashion,1378.83,133,2.5,TRUE
665,Camera,Electronics,904.91,227,1.1,FALSE
666,Watch,Fashion,1411.9,189,4.4,TRUE
667,Watch,Fashion,1241.99,476,1.0,TRUE
668,Watch,Fashion,1003.79,477,3.8,TRUE
669,Mouse,Electronics,870.01,265,4.9,TRUE
670,Mouse,Electronics,529.37,372,2.8,FALSE
671,Smartphone,Electronics,247.34,486,1.9,FALSE
672,Laptop,Electronics,911.38,434,3.8,TRUE
673,Watch,Fashion,483.99,134,4.3,TRUE
674,Keyboard,Electronics,1300.99,211,3.2,FALSE
675,Laptop,Electronics,1490.07,60,4.9,FALSE
676,Smartphone,Electronics,1131.12,428,1.2,TRUE
677,Shoes,Fashion,144.82,377,3.0,TRUE
678,Laptop,Electronics,440.14,395,3.9,TRUE
679,Laptop,Electronics,172.57,450,4.5,FALSE
680,Backpack,Fashion,979.26,431,1.7,TRUE
681,Headphones,Electronics,1150.13,364,4.2,TRUE
682,Backpack,Fashion,1389.26,364,3.2,TRUE
683,Camera,Electronics,662.88,457,2.6,TRUE
684,Mouse,Electronics,1353.05,213,1.5,TRUE
685,Mouse,Electronics,1318.06,216,4.5,TRUE
686,Headphones,Electronics,482.62,226,1.6,TRUE
687,T-shirt,Fashion,1304.66,470,2.2,TRUE
688,T-shirt,Fashion,569.75,131,2.2,TRUE
689,Smartphone,Electronics,452.34,76,4.5,TRUE
690,Headphones,Electronics,977.12,476,3.7,TRUE
691,Laptop,Electronics,499.29,286,4.2,FALSE
692,T-shirt,Fashion,949.01,474,2.0,TRUE
693,Watch,Fashion,918.65,496,3.5,TRUE
694,Keyboard,Electronics,849.52,277,3.3,TRUE
695,Laptop,Electronics,576.83,156,4.3,TRUE
696,Camera,Electronics,827.26,248,4.6,TRUE
697,Watch,Fashion,898.76,218,1.0,TRUE
698,Watch,Fashion,823.07,190,3.7,TRUE
699,Headphones,Electronics,672.18,417,1.2,TRUE
700,Smartphone,Electronics,31.85,469,3.2,TRUE
701,Camera,Electronics,884.72,163,2.2,TRUE
702,T-shirt,Fashion,260.98,180,2.2,TRUE
703,Headphones,Electronics,967.44,34,2.4,TRUE
704,T-shirt,Fashion,1141.42,41,3.5,TRUE
705,Headphones,Electronics,755.66,307,2.3,TRUE
706,Headphones,Electronics,818.12,431,3.9,FALSE
707,Headphones,Electronics,1427.7,338,2.6,FALSE
708,Smartphone,Electronics,1272.28,314,1.3,TRUE
709,Headphones,Electronics,1372.21,75,4.1,TRUE
710,Shoes,Fashion,1222.51,441,2.1,TRUE
711,Keyboard,Electronics,172.29,279,2.7,TRUE
712,T-shirt,Fashion,232.0,176,3.7,TRUE
713,Laptop,Electronics,794.67,384,2.3,FALSE
714,Backpack,Fashion,376.64,150,1.2,TRUE
715,Camera,Electronics,720.28,273,2.5,FALSE
716,Mouse,Electronics,597.6,325,4.8,TRUE
717,Smartphone,Electronics,828.63,108,3.6,TRUE
718,Laptop,Electronics,1122.84,139,3.7,TRUE
719,Watch,Fashion,1076.08,350,3.5,TRUE
720,Shoes,Fashion,786.64,271,1.8,TRUE
721,Mouse,Electronics,1235.37,347,2.7,TRUE
722,Backpack,Fashion,651.98,419,4.0,TRUE
723,Laptop,Electronics,1346.1,289,1.4,FALSE
724,Mouse,Electronics,116.21,212,2.1,TRUE
725,Laptop,Electronics,1432.44,381,2.1,FALSE
726,Shoes,Fashion,985.49,272,2.7,FALSE
727,Backpack,Fashion,576.31,418,4.9,TRUE
728,Watch,Fashion,303.76,66,1.3,TRUE
729,Headphones,Electronics,723.98,483,3.1,TRUE
730,T-shirt,Fashion,299.89,424,1.7,FALSE
731,Watch,Fashion,257.83,248,4.9,TRUE
732,Headphones,Electronics,929.85,156,1.5,TRUE
733,Smartphone,Electronics,789.4,47,2.6,TRUE
734,Keyboard,Electronics,1008.44,423,4.0,TRUE
735,Camera,Electronics,1395.11,454,3.8,TRUE
736,Camera,Electronics,803.07,201,2.7,TRUE
737,T-shirt,Fashion,875.59,148,2.4,TRUE
738,Backpack,Fashion,143.54,124,2.6,FALSE
739,Shoes,Fashion,1079.28,1,2.1,TRUE
740,Backpack,Fashion,605.86,456,1.8,FALSE
741,Shoes,Fashion,1465.32,247,2.9,TRUE
742,Backpack,Fashion,1236.53,343,2.1,FALSE
743,Keyboard,Electronics,788.5,128,2.1,TRUE
744,Smartphone,Electronics,193.6,191,3.6,TRUE
745,Smartphone,Electronics,1290.53,67,4.9,TRUE
746,Headphones,Electronics,1201.67,4,3.4,FALSE
747,Mouse,Electronics,285.03,442,1.3,TRUE
748,Smartphone,Electronics,449.96,409,1.3,FALSE
749,Smartphone,Electronics,1192.18,303,4.8,FALSE
750,Watch,Fashion,285.99,294,2.2,TRUE
751,Watch,Fashion,1377.45,143,1.4,TRUE
752,Headphones,Electronics,642.55,191,3.4,TRUE
753,Mouse,Electronics,139.69,21,3.5,TRUE
754,T-shirt,Fashion,1225.47,227,3.6,FALSE
755,Watch,Fashion,566.53,313,2.1,TRUE
756,T-shirt,Fashion,794.48,117,1.1,TRUE
757,Laptop,Electronics,177.33,437,4.9,FALSE
758,Watch,Fashion,13.85,302,2.0,TRUE
759,Keyboard,Electronics,960.6,142,3.7,FALSE
760,Mouse,Electronics,777.61,484,3.8,TRUE
761,Headphones,Electronics,894.37,460,3.4,TRUE
762,Laptop,Electronics,1192.68,401,2.3,TRUE
763,Mouse,Electronics,973.44,39,2.1,TRUE
764,Keyboard,Electronics,270.41,393,3.4,TRUE
765,Mouse,Electronics,547.55,355,4.5,TRUE
766,Keyboard,Electronics,1359.78,252,4.8,TRUE
767,Keyboard,Electronics,1157.22,333,1.4,TRUE
768,T-shirt,Fashion,839.39,207,1.6,TRUE
769,Backpack,Fashion,390.91,210,4.8,TRUE
770,Laptop,Electronics,460.07,115,3.9,TRUE
771,Mouse,Electronics,1100.62,225,4.5,TRUE
772,Shoes,Fashion,1278.25,134,1.8,TRUE
773,Laptop,Electronics,1010.42,251,3.4,TRUE
774,Backpack,Fashion,1216.2,219,3.8,TRUE
775,Laptop,Electronics,1152.32,407,3.7,TRUE
776,Smartphone,Electronics,233.06,443,2.6,TRUE
777,Shoes,Fashion,641.68,91,1.1,TRUE
778,Backpack,Fashion,237.95,354,3.3,FALSE
779,T-shirt,Fashion,360.5,376,2.0,TRUE
780,Mouse,Electronics,1305.2,46,2.8,TRUE
781,Camera,Electronics,714.61,38,4.8,TRUE
782,Backpack,Fashion,807.68,142,2.6,TRUE
783,Headphones,Electronics,275.88,100,4.4,FALSE
784,Mouse,Electronics,475.28,328,1.8,TRUE
785,Backpack,Fashion,353.07,190,3.7,TRUE
786,Smartphone,Electronics,317.22,35,4.9,TRUE
787,Camera,Electronics,960.56,147,1.4,TRUE
788,Smartphone,Electronics,392.76,30,1.0,TRUE
789,Camera,Electronics,951.7,334,2.7,TRUE
790,Headphones,Electronics,97.1,84,1.4,TRUE
791,Mouse,Electronics,221.24,369,4.0,TRUE
792,T-shirt,Fashion,419.06,281,4.7,TRUE
793,Smartphone,Electronics,899.6,424,2.7,TRUE
794,Smartphone,Electronics,1017.0,344,2.0,TRUE
795,Keyboard,Electronics,669.65,270,2.7,TRUE
796,Camera,Electronics,674.23,154,3.9,FALSE
797,Watch,Fashion,1089.53,102,1.0,TRUE
798,Mouse,Electronics,33.57,215,3.4,FALSE
799,Camera,Electronics,518.22,150,3.5,TRUE
800,Keyboard,Electronics,1229.87,432,3.6,TRUE
801,Laptop,Electronics,908.8,83,2.0,TRUE
802,Camera,Electronics,512.47,110,3.9,TRUE
803,T-shirt,Fashion,1359.23,435,1.4,TRUE
804,Mouse,Electronics,1161.21,387,1.8,TRUE
805,Keyboard,Electronics,404.69,426,4.5,TRUE
806,Laptop,Electronics,971.48,275,4.0,FALSE
807,Shoes,Fashion,897.67,201,1.1,TRUE
808,Keyboard,Electronics,607.77,284,2.0,TRUE
809,Shoes,Fashion,556.76,468,1.9,TRUE
810,Mouse,Electronics,521.91,173,2.1,TRUE
811,Smartphone,Electronics,929.56,327,2.0,TRUE
812,Keyboard,Electronics,669.19,206,1.3,TRUE
813,Headphones,Electronics,1249.48,63,2.8,FALSE
814,Shoes,Fashion,1007.71,73,3.9,TRUE
815,T-shirt,Fashion,114.2,251,3.4,TRUE
816,Headphones,Electronics,963.85,124,3.7,TRUE
817,Backpack,Fashion,414.01,375,1.3,FALSE
818,Backpack,Fashion,893.29,121,4.8,TRUE
819,Laptop,Electronics,1023.4,275,4.4,TRUE
820,Smartphone,Electronics,353.94,431,4.2,TRUE
821,Mouse,Electronics,690.72,398,4.3,TRUE
822,Keyboard,Electronics,293.58,120,4.7,TRUE
823,Watch,Fashion,87.98,422,3.2,TRUE
824,T-shirt,Fashion,573.93,437,1.8,TRUE
825,Shoes,Fashion,550.79,317,3.5,TRUE
826,Mouse,Electronics,1493.27,164,4.0,TRUE
827,Headphones,Electronics,675.07,424,4.0,TRUE
828,Backpack,Fashion,507.02,465,3.1,TRUE
829,T-shirt,Fashion,874.91,286,1.3,TRUE
830,Watch,Fashion,142.26,265,2.5,TRUE
831,Keyboard,Electronics,1442.88,320,4.7,TRUE
832,Laptop,Electronics,956.09,161,3.3,TRUE
833,Watch,Fashion,1134.71,376,3.2,FALSE
834,T-shirt,Fashion,264.01,308,2.1,FALSE
835,Watch,Fashion,620.12,89,2.5,TRUE
836,T-shirt,Fashion,639.81,142,4.6,TRUE
837,T-shirt,Fashion,1234.49,203,3.7,TRUE
838,Camera,Electronics,11.84,309,4.1,TRUE
839,Shoes,Fashion,458.27,227,2.8,TRUE
840,Backpack,Fashion,1472.04,489,3.5,TRUE
841,Camera,Electronics,717.58,443,2.0,TRUE
842,Keyboard,Electronics,579.96,334,3.8,TRUE
843,Camera,Electronics,188.55,222,2.7,TRUE
844,Smartphone,Electronics,1461.51,41,2.8,TRUE
845,Smartphone,Electronics,39.84,196,3.6,TRUE
846,Backpack,Fashion,1108.4,68,4.7,TRUE
847,Watch,Fashion,1155.21,476,1.3,FALSE
848,Shoes,Fashion,373.05,264,4.3,FALSE
849,Backpack,Fashion,1010.62,2,2.2,TRUE
850,T-shirt,Fashion,148.46,361,2.8,TRUE
851,Headphones,Electronics,393.0,125,1.1,TRUE
852,Shoes,Fashion,1183.97,110,2.2,TRUE
853,Shoes,Fashion,1298.38,86,3.0,TRUE
854,T-shirt,Fashion,916.64,425,1.2,TRUE
855,T-shirt,Fashion,765.19,120,3.0,TRUE
856,Laptop,Electronics,247.36,127,4.7,TRUE
857,Backpack,Fashion,104.03,255,1.4,TRUE
858,T-shirt,Fashion,185.3,183,4.1,TRUE
859,Smartphone,Electronics,348.76,16,2.6,TRUE
860,Keyboard,Electronics,519.1,477,3.6,TRUE
861,Headphones,Electronics,577.56,62,2.0,FALSE
862,Backpack,Fashion,526.02,369,1.6,TRUE
863,Mouse,Electronics,366.19,432,1.6,TRUE
864,Smartphone,Electronics,769.49,158,1.3,FALSE
865,Watch,Fashion,1239.68,268,1.7,FALSE
866,T-shirt,Fashion,426.76,35,3.7,TRUE
867,Mouse,Electronics,1414.16,267,4.5,FALSE
868,T-shirt,Fashion,1311.27,64,4.3,TRUE
869,Shoes,Fashion,251.03,494,3.7,TRUE
870,Smartphone,Electronics,1181.55,50,1.4,TRUE
871,Shoes,Fashion,866.14,469,2.2,TRUE
872,Laptop,Electronics,854.2,255,2.2,TRUE
873,Shoes,Fashion,592.65,149,2.0,TRUE
874,Laptop,Electronics,756.72,325,3.1,TRUE
875,Laptop,Electronics,601.8,304,3.1,TRUE
876,Mouse,Electronics,814.2,276,2.4,TRUE
877,T-shirt,Fashion,945.65,357,2.4,TRUE
878,Watch,Fashion,1014.71,451,4.3,TRUE
879,Shoes,Fashion,803.4,172,4.2,TRUE
880,Smartphone,Electronics,1084.92,417,2.2,TRUE
881,Laptop,Electronics,220.5,201,4.7,FALSE
882,T-shirt,Fashion,325.85,445,4.8,TRUE
883,Headphones,Electronics,1229.92,393,2.3,TRUE
884,Backpack,Fashion,490.57,324,2.4,TRUE
885,Mouse,Electronics,44.11,35,3.0,TRUE
886,Watch,Fashion,239.15,465,4.8,TRUE
887,Camera,Electronics,343.19,482,4.5,TRUE
888,Mouse,Electronics,1436.41,216,1.4,TRUE
889,Headphones,Electronics,863.83,480,2.6,TRUE
890,Backpack,Fashion,1399.77,65,3.2,FALSE
891,Headphones,Electronics,866.99,8,3.0,TRUE
892,Shoes,Fashion,724.24,301,1.8,TRUE
893,Laptop,Electronics,477.45,343,4.4,FALSE
894,Watch,Fashion,913.49,431,3.7,TRUE
895,Keyboard,Electronics,217.41,424,4.4,TRUE
896,Laptop,Electronics,1348.41,332,4.4,TRUE
897,Keyboard,Electronics,1245.71,438,4.0,TRUE
898,Backpack,Fashion,483.12,76,2.8,TRUE
899,T-shirt,Fashion,1429.67,174,3.4,TRUE
900,Camera,Electronics,1239.55,47,1.6,TRUE
901,Smartphone,Electronics,1002.8,15,3.7,TRUE
902,Laptop,Electronics,191.43,361,1.7,TRUE
903,Watch,Fashion,722.57,147,3.8,TRUE
904,Headphones,Electronics,764.1,26,1.9,TRUE
905,Watch,Fashion,356.5,308,1.5,FALSE
906,Backpack,Fashion,129.15,93,1.7,TRUE
907,Keyboard,Electronics,1167.32,406,1.0,TRUE
908,Headphones,Electronics,191.83,232,3.9,TRUE
909,Smartphone,Electronics,895.49,21,3.9,TRUE
910,Smartphone,Electronics,1405.31,307,3.1,TRUE
911,Laptop,Electronics,1315.4,38,1.6,TRUE
912,Backpack,Fashion,423.85,276,1.3,FALSE
913,T-shirt,Fashion,1278.66,157,1.1,FALSE
914,Backpack,Fashion,10.5,179,1.7,TRUE
915,Keyboard,Electronics,36.35,132,4.6,TRUE
916,Watch,Fashion,907.8,311,2.0,TRUE
917,Smartphone,Electronics,553.55,455,2.4,TRUE
918,Watch,Fashion,585.83,348,1.4,TRUE
919,Watch,Fashion,851.02,28,1.9,TRUE
920,Watch,Fashion,295.76,260,3.1,TRUE
921,Smartphone,Electronics,325.52,406,3.4,TRUE
922,Mouse,Electronics,732.06,76,2.0,TRUE
923,Shoes,Fashion,1133.84,429,1.2,FALSE
924,Keyboard,Electronics,933.05,67,2.6,TRUE
925,Mouse,Electronics,453.06,342,1.9,TRUE
926,Keyboard,Electronics,651.2,492,1.9,TRUE
927,Headphones,Electronics,264.29,194,4.8,TRUE
928,Backpack,Fashion,121.2,472,3.5,TRUE
929,Backpack,Fashion,1176.22,162,3.2,TRUE
930,Camera,Electronics,405.43,347,2.7,TRUE
931,Backpack,Fashion,274.87,439,2.7,TRUE
932,Smartphone,Electronics,1040.51,361,3.2,TRUE
933,T-shirt,Fashion,930.9,257,3.8,TRUE
934,Laptop,Electronics,953.45,72,3.8,TRUE
935,Camera,Electronics,351.05,87,1.7,FALSE
936,Laptop,Electronics,356.64,422,3.0,TRUE
937,Keyboard,Electronics,339.0,262,2.6,TRUE
938,Laptop,Electronics,268.89,214,4.5,TRUE
939,Laptop,Electronics,987.03,153,3.5,FALSE
940,Camera,Electronics,1273.54,210,3.1,TRUE
941,Headphones,Electronics,1089.23,401,1.5,TRUE
942,Watch,Fashion,1190.22,61,3.4,TRUE
943,Backpack,Fashion,613.15,268,1.5,TRUE
944,Backpack,Fashion,984.57,262,2.3,TRUE
945,Smartphone,Electronics,537.81,218,1.6,TRUE
946,Camera,Electronics,793.0,283,3.8,FALSE
947,Smartphone,Electronics,727.64,136,1.8,TRUE
948,T-shirt,Fashion,273.56,467,2.6,TRUE
949,T-shirt,Fashion,586.75,380,4.6,TRUE
950,Smartphone,Electronics,1446.1,362,1.8,TRUE
951,Camera,Electronics,380.38,449,3.0,FALSE
952,Smartphone,Electronics,209.37,441,2.7,TRUE
953,Backpack,Fashion,633.69,93,1.1,TRUE
954,Mouse,Electronics,1187.6,109,4.2,TRUE
955,Shoes,Fashion,877.4,241,1.3,TRUE
956,Laptop,Electronics,1024.65,355,2.9,TRUE
957,Shoes,Fashion,292.65,424,3.2,TRUE
958,Camera,Electronics,932.23,142,3.5,FALSE
959,Shoes,Fashion,492.02,291,3.8,FALSE
960,T-shirt,Fashion,1253.11,432,2.0,TRUE
961,Keyboard,Electronics,947.66,237,1.0,FALSE
962,Laptop,Electronics,306.3,340,3.9,TRUE
963,Watch,Fashion,106.28,312,3.1,TRUE
964,Camera,Electronics,73.52,177,4.3,TRUE
965,Laptop,Electronics,563.4,141,4.3,TRUE
966,Shoes,Fashion,406.12,189,4.4,TRUE
967,T-shirt,Fashion,972.67,486,2.9,TRUE
968,Headphones,Electronics,754.01,49,2.3,TRUE
969,Mouse,Electronics,406.37,302,4.2,TRUE
970,Watch,Fashion,232.36,369,2.8,TRUE
971,Mouse,Electronics,199.53,190,1.7,TRUE
972,Laptop,Electronics,1298.34,136,4.4,TRUE
973,T-shirt,Fashion,372.78,43,4.5,TRUE
974,T-shirt,Fashion,981.05,404,2.9,TRUE
975,Shoes,Fashion,1217.92,380,1.3,TRUE
976,Backpack,Fashion,924.98,353,2.6,FALSE
977,Shoes,Fashion,1290.75,90,4.2,TRUE
978,Backpack,Fashion,594.67,295,4.6,TRUE
979,Backpack,Fashion,1434.77,341,1.8,FALSE
980,Watch,Fashion,208.39,245,1.3,TRUE
981,Shoes,Fashion,162.2,433,4.5,TRUE
982,Headphones,Electronics,991.45,192,2.6,TRUE
983,Smartphone,Electronics,1414.82,318,3.2,FALSE
984,Smartphone,Electronics,1215.24,106,4.9,TRUE
985,Shoes,Fashion,123.86,363,1.3,TRUE
986,Shoes,Fashion,426.26,310,3.6,TRUE
987,Mouse,Electronics,1396.18,382,1.3,TRUE
988,Watch,Fashion,387.06,233,2.5,TRUE
989,Shoes,Fashion,1173.94,265,4.2,TRUE
990,Mouse,Electronics,1239.45,344,2.7,TRUE
991,Backpack,Fashion,748.22,37,5.0,FALSE
992,T-shirt,Fashion,585.66,305,3.2,TRUE
993,T-shirt,Fashion,680.69,41,2.3,TRUE
994,Backpack,Fashion,348.18,17,1.9,FALSE
995,Camera,Electronics,1335.19,344,2.4,TRUE
996,Mouse,,681.42,277,2.5,TRUE
997,Mouse,Electronics,1324.86,307,1.3,TRUE
998,Backpack,Fashion,167.48,59,2.5,FALSE
999,Headphones,Electronics,1482.53,423,2.9,TRUE
1000,Keyboard,Electronics,670.48,183,3.9,TRUE
